{
  "Mon, 14 Mar 2022 19:28:44 GMT": 0.310689999999851,
  "Tue, 15 Mar 2022 10:38:59 GMT": 0.7,
  "Tue, 15 Mar 2022 10:39:07 GMT": 0.12143999999994412,
  "Tue, 15 Mar 2022 10:39:16 GMT": 0.09447000000001862,
  "Tue, 15 Mar 2022 10:39:40 GMT": 0.43217000000001865,
  "Tue, 15 Mar 2022 10:40:12 GMT": -4,
  "Tue, 15 Mar 2022 10:40:40 GMT": 0.7074799999999813
}